variable	recode_variable	order	tp	type	base
Filter1	Filter1	1	NA	other	filter1
lastname	lastname	2	NA	other	lastname
firstname	firstname	3	NA	other	firstname
Include_JakBondi	Include_JakBondi	4	NA	other	include_jakbondi
JakBondi_MCI_type	JakBondi_MCI_type	5	NA	other	jakbondi_mci_type
JakBondi_MCI_AmnesticvsNonamnestic	JakBondi_MCI_AmnesticvsNonamnestic	6	NA	other	jakbondi_mci_amnesticvsnonamnestic
JakBondi_Domains	JakBondi_Domains	7	NA	other	jakbondi_domains
PetersenMCItype	PetersenMCItype	8	NA	other	petersenmcitype
PetersenMCI_Domains	PetersenMCI_Domains	9	NA	other	petersenmci_domains
Petersen_AmnesticvsNonamnestic	Petersen_AmnesticvsNonamnestic	10	NA	other	petersen_amnesticvsnonamnestic
MRN	MRN	11	NA	other	mrn
DOB	DOB	12	NA	other	dob
datadoublecheck	datadoublecheck	13	NA	other	datadoublecheck
notes	notes	14	NA	other	notes
Amnestic	Amnestic	15	NA	other	amnestic
PetersenAmnestic	PetersenAmnestic	16	NA	other	petersenamnestic
Domains	Domains	17	NA	other	domains
PetersenDomains	PetersenDomains	18	NA	other	petersendomains
MCItype	MCItype	19	NA	other	mcitype
frontosubcort_v_amnestic	frontosubcort_v_amnestic	20	NA	other	frontosubcort_v_amnestic
frontosubcort_v_amnestic_anc	frontosubcort_v_amnestic_anc	21	NA	other	frontosubcort_v_amnestic_anc
original_frontosub_v_am_anc	original_frontosub_v_am_anc	22	NA	other	original_frontosub_v_am_anc
NeurologyVisit_Date_BL	NeurologyVisit_Date_BL	23	bl	other	neurologyvisit_date
Neurology_Etiology_BL	Neurology_Etiology_BL	24	bl	other	neurology_etiology
NpsyDate_1	NpsyDate_1	27	1	other	npsydate
etiology_1_NPsy	etiology_1_NPsy	29	NA	other	etiology_1_npsy
etiology_NPsy_Explained	etiology_NPsy_Explained	30	NA	other	etiology_npsy_explained
Etiology_1_Neurology	Etiology_1_Neurology	31	NA	other	etiology_1_neurology
etiology_1_Neurology_Explained	etiology_1_Neurology_Explained	32	NA	other	etiology_1_neurology_explained
neurologyvisitdate	neurologyvisitdate	33	NA	other	neurologyvisitdate
neurology_dx_old	neurology_dx_old	34	NA	other	neurology_dx_old
etiology_anc	etiology_anc	35	NA	other	etiology_anc
neurobehav_1	neurobehav_1	36	1	other	neurobehav
neurobehav_anc	neurobehav_anc	37	NA	other	neurobehav_anc
data_entry_ambiguities	data_entry_ambiguities	38	NA	other	data_entry_ambiguities
ed_yrs	ed_yrs	39	NA	other	ed_yrs
ed_level	ed_level	40	NA	other	ed_level
ed_qual	ed_qual	41	NA	other	ed_qual
sex	sex	42	NA	other	sex
race	race	43	NA	other	race
hand	hand	44	NA	other	hand
SES	SES	45	NA	other	ses
occup_categories	occup_categories	48	NA	other	occup_categories
occup_recat_homemaker	occup_recat_homemaker	49	NA	other	occup_recat_homemaker
VascularRisksPresent	VascularRisksPresent	84	NA	other	vascularriskspresent
VascularRisks_Number	VascularRisks_Number	85	NA	other	vascularrisks_number
dxdiscrepancybetweenproviders	dxdiscrepancybetweenproviders	93	NA	other	dxdiscrepancybetweenproviders
MMSEdate_1	MMSEdate_1	130	1	other	mmsedate
MMSEscore_1	MMSEscore_1	131	1	other	mmsescore
Addenbrookedate_1	Addenbrookedate_1	144	1	other	addenbrookedate
Addenbrooke_tot_1	Addenbrooke_tot_1	145	1	other	addenbrooke_tot
Addenbrooke_Attn_1	Addenbrooke_Attn_1	146	1	other	addenbrooke_attn
Addenbrooke_Mem_1	Addenbrooke_Mem_1	147	1	other	addenbrooke_mem
Addenbrooke_Fluency_1	Addenbrooke_Fluency_1	148	1	other	addenbrooke_fluency
Addenbrooke_Lang_1	Addenbrooke_Lang_1	149	1	other	addenbrooke_lang
Addenbrooke_Visuo_1	Addenbrooke_Visuo_1	150	1	other	addenbrooke_visuo
neuroim	neuroim	165	NA	other	neuroim
FDGPET	FDGPET	166	NA	other	fdgpet
PET_amyvid	PET_amyvid	167	NA	other	pet_amyvid
PET_result	PET_result	168	NA	other	pet_result
APOE	APOE	169	NA	other	apoe
neuroim_type	neuroim_type	170	NA	other	neuroim_type
ct_date	ct_date	171	NA	other	ct_date
ct_ab	ct_ab	172	NA	other	ct_ab
ct_atrophy	ct_atrophy	173	NA	other	ct_atrophy
ct_vent	ct_vent	174	NA	other	ct_vent
ct_vasc	ct_vasc	175	NA	other	ct_vasc
ct_other	ct_other	176	NA	other	ct_other
mri_date_2	mri_date_2	185	2	other	mri_date
mri_ab_2	mri_ab_2	186	2	other	mri_ab
mri_atrophy_2	mri_atrophy_2	187	2	other	mri_atrophy
mri_hippatro_2	mri_hippatro_2	188	2	other	mri_hippatro
mri_hippscler_2	mri_hippscler_2	189	2	other	mri_hippscler
mri_vascular_2	mri_vascular_2	190	2	other	mri_vascular
mri_wm_2	mri_wm_2	191	2	other	mri_wm
mri_tumor_2	mri_tumor_2	192	2	other	mri_tumor
devel_hx	devel_hx	193	NA	other	devel_hx
HVLT_MemProfile	hvlt_memprofile_1	260	1	other	hvlt_memprofile
HVLT_MemProfile_MixedExplained	hvlt_memprofile_mixedexplained_1	261	1	other	hvlt_memprofile_mixedexplained
CPT3_disc_ss_1	CPT3_disc_ss_1	320	1	ss	cpt3_disc_ss
etiology_2	etiology_2	473	2	other	etiology
np_date_2	np_date_2	497	2	other	np_date
spat_span_raw_2	spat_span_raw_2	551	2	raw	spat_span_raw
spat_span_ss_2	spat_span_ss_2	552	2	ss	spat_span_ss
cognitive_change	cognitive_change_1	735	1	other	cognitive_change
bai_ss_3	bai_ss_3	1035	3	ss	bai_ss
NeuroReaderDate_1	NeuroReaderDate_1	1037	1	other	neuroreaderdate
mTIV_1	mTIV_1	1038	1	other	mtiv
WBV_vol_1	WBV_vol_1	1039	1	other	wbv_vol
WBV_TIVperc_1	WBV_TIVperc_1	1040	1	other	wbv_tivperc
WBV_Zscore_1	WBV_Zscore_1	1041	1	other	wbv_zscore
WBV_perc_1	WBV_perc_1	1042	1	perc	wbv_perc
GrayMatter_vol_1	GrayMatter_vol_1	1043	1	other	graymatter_vol
GrayMatter_TIVperc_1	GrayMatter_TIVperc_1	1044	1	other	graymatter_tivperc
GrayMatter_Zscore_1	GrayMatter_Zscore_1	1045	1	other	graymatter_zscore
GrayMatter_perc_1	GrayMatter_perc_1	1046	1	perc	graymatter_perc
WhiteMatter_vol_1	WhiteMatter_vol_1	1047	1	other	whitematter_vol
WhiteMatter_TIVperc_1	WhiteMatter_TIVperc_1	1048	1	other	whitematter_tivperc
WhiteMatter_Zscore_1	WhiteMatter_Zscore_1	1049	1	other	whitematter_zscore
WhiteMatter_perc_1	WhiteMatter_perc_1	1050	1	perc	whitematter_perc
Hippocampus_Asym_Index_1	Hippocampus_Asym_Index_1	1051	1	other	hippocampus_asym_index
Hippocampus_Asym_Zscor_1	Hippocampus_Asym_Zscor_1	1052	1	other	hippocampus_asym_zscor
Hippocampus_Asym_percentile_1	Hippocampus_Asym_percentile_1	1053	1	other	hippocampus_asym_percentile
Hippocampus_vol_1	Hippocampus_vol_1	1054	1	other	hippocampus_vol
Hippocampus_TIVperc_1	Hippocampus_TIVperc_1	1055	1	other	hippocampus_tivperc
Hippocampus_Zscore_1	Hippocampus_Zscore_1	1056	1	other	hippocampus_zscore
Hippocampus_perc_1	Hippocampus_perc_1	1057	1	perc	hippocampus_perc
Hippocampus_R_vol_1	Hippocampus_R_vol_1	1058	1	other	hippocampus_r_vol
Hippocampus_R_TIVperc_1	Hippocampus_R_TIVperc_1	1059	1	other	hippocampus_r_tivperc
Hippocampus_R_Zscore_1	Hippocampus_R_Zscore_1	1060	1	other	hippocampus_r_zscore
Hippocampus_R_perc_1	Hippocampus_R_perc_1	1061	1	perc	hippocampus_r_perc
Hippocampus_L_vol_1	Hippocampus_L_vol_1	1062	1	other	hippocampus_l_vol
Hippocampus_L_TIVperc_1	Hippocampus_L_TIVperc_1	1063	1	other	hippocampus_l_tivperc
Hippocampus_L_Zscore_1	Hippocampus_L_Zscore_1	1064	1	other	hippocampus_l_zscore
Hippocampus_L_perc_1	Hippocampus_L_perc_1	1065	1	perc	hippocampus_l_perc
Amygdala_vol_1	Amygdala_vol_1	1066	1	other	amygdala_vol
Amygdala_TIVperc_1	Amygdala_TIVperc_1	1067	1	other	amygdala_tivperc
Amygdala_Zscore_1	Amygdala_Zscore_1	1068	1	other	amygdala_zscore
Amygdala_perc_1	Amygdala_perc_1	1069	1	perc	amygdala_perc
Amygdala_R_vol_1	Amygdala_R_vol_1	1070	1	other	amygdala_r_vol
Amygdala_R_TIVperc_1	Amygdala_R_TIVperc_1	1071	1	other	amygdala_r_tivperc
Amygdala_R_Zscore_1	Amygdala_R_Zscore_1	1072	1	other	amygdala_r_zscore
Amygdala_R_perc_1	Amygdala_R_perc_1	1073	1	perc	amygdala_r_perc
Amygdala_L_vol_1	Amygdala_L_vol_1	1074	1	other	amygdala_l_vol
Amygdala_L_TIVperc_1	Amygdala_L_TIVperc_1	1075	1	other	amygdala_l_tivperc
Amygdala_L_Zscore_1	Amygdala_L_Zscore_1	1076	1	other	amygdala_l_zscore
Amygdala_L_perc_1	Amygdala_L_perc_1	1077	1	perc	amygdala_l_perc
Putamen_vol_1	Putamen_vol_1	1078	1	other	putamen_vol
Putamen_TIVperc_1	Putamen_TIVperc_1	1079	1	other	putamen_tivperc
Putamen_Zscore_1	Putamen_Zscore_1	1080	1	other	putamen_zscore
Putamen_perc_1	Putamen_perc_1	1081	1	perc	putamen_perc
Putamen_R_vol_1	Putamen_R_vol_1	1082	1	other	putamen_r_vol
Putamen_R_TIVperc_1	Putamen_R_TIVperc_1	1083	1	other	putamen_r_tivperc
Putamen_R_Zscore_1	Putamen_R_Zscore_1	1084	1	other	putamen_r_zscore
Putamen_R_perc_1	Putamen_R_perc_1	1085	1	perc	putamen_r_perc
Putamen_L_vol_1	Putamen_L_vol_1	1086	1	other	putamen_l_vol
Putamen_L_TIVperc_1	Putamen_L_TIVperc_1	1087	1	other	putamen_l_tivperc
Putamen_L_Zscore_1	Putamen_L_Zscore_1	1088	1	other	putamen_l_zscore
Putamen_L_perc_1	Putamen_L_perc_1	1089	1	perc	putamen_l_perc
Thalamus_vol_1	Thalamus_vol_1	1090	1	other	thalamus_vol
Thalamus_TIVperc_1	Thalamus_TIVperc_1	1091	1	other	thalamus_tivperc
Thalamus_Zscore_1	Thalamus_Zscore_1	1092	1	other	thalamus_zscore
Thalamus_perc_1	Thalamus_perc_1	1093	1	perc	thalamus_perc
Thalamus_R_vol_1	Thalamus_R_vol_1	1094	1	other	thalamus_r_vol
Thalamus_R_TIVperc_1	Thalamus_R_TIVperc_1	1095	1	other	thalamus_r_tivperc
Thalamus_R_Zscore_1	Thalamus_R_Zscore_1	1096	1	other	thalamus_r_zscore
Thalamus_R_perc_1	Thalamus_R_perc_1	1097	1	perc	thalamus_r_perc
Thalamus_L_vol_1	Thalamus_L_vol_1	1098	1	other	thalamus_l_vol
Thalamus_L_TIVperc_1	Thalamus_L_TIVperc_1	1099	1	other	thalamus_l_tivperc
Thalamus_L_Zscore_1	Thalamus_L_Zscore_1	1100	1	other	thalamus_l_zscore
Thalamus_L_perc_1	Thalamus_L_perc_1	1101	1	perc	thalamus_l_perc
VentD_vol_1	VentD_vol_1	1102	1	other	ventd_vol
VentD_TIVperc_1	VentD_TIVperc_1	1103	1	other	ventd_tivperc
VentD_Zscore_1	VentD_Zscore_1	1104	1	other	ventd_zscore
VentD_perc_1	VentD_perc_1	1105	1	perc	ventd_perc
VentD_R_vol_1	VentD_R_vol_1	1106	1	other	ventd_r_vol
VentD_R_TIVperc_1	VentD_R_TIVperc_1	1107	1	other	ventd_r_tivperc
VentD_R_Zscore_1	VentD_R_Zscore_1	1108	1	other	ventd_r_zscore
VentD_R_perc_1	VentD_R_perc_1	1109	1	perc	ventd_r_perc
VentD_L_vol_1	VentD_L_vol_1	1110	1	other	ventd_l_vol
VentD_L_TIVperc_1	VentD_L_TIVperc_1	1111	1	other	ventd_l_tivperc
VentD_L_Zscore_1	VentD_L_Zscore_1	1112	1	other	ventd_l_zscore
VentD_L_perc_1	VentD_L_perc_1	1113	1	perc	ventd_l_perc
Pallidum_vol_1	Pallidum_vol_1	1114	1	other	pallidum_vol
Pallidum_TIVperc_1	Pallidum_TIVperc_1	1115	1	other	pallidum_tivperc
Pallidum_Zscore_1	Pallidum_Zscore_1	1116	1	other	pallidum_zscore
Pallidum_perc_1	Pallidum_perc_1	1117	1	perc	pallidum_perc
Pallidum_R_vol_1	Pallidum_R_vol_1	1118	1	other	pallidum_r_vol
Pallidum_R_TIVperc_1	Pallidum_R_TIVperc_1	1119	1	other	pallidum_r_tivperc
Pallidum_R_Zscore_1	Pallidum_R_Zscore_1	1120	1	other	pallidum_r_zscore
Pallidum_R_perc_1	Pallidum_R_perc_1	1121	1	perc	pallidum_r_perc
Pallidum_L_vol_1	Pallidum_L_vol_1	1122	1	other	pallidum_l_vol
Pallidum_L_TIVperc_1	Pallidum_L_TIVperc_1	1123	1	other	pallidum_l_tivperc
Pallidum_L_Zscore_1	Pallidum_L_Zscore_1	1124	1	other	pallidum_l_zscore
Pallidum_L_perc_1	Pallidum_L_perc_1	1125	1	perc	pallidum_l_perc
Caudate_vol_1	Caudate_vol_1	1126	1	other	caudate_vol
Caudate_TIVperc_1	Caudate_TIVperc_1	1127	1	other	caudate_tivperc
Caudate_Zscore_1	Caudate_Zscore_1	1128	1	other	caudate_zscore
Caudate_perc_1	Caudate_perc_1	1129	1	perc	caudate_perc
Caudate_R_vol_1	Caudate_R_vol_1	1130	1	other	caudate_r_vol
Caudate_R_TIVperc_1	Caudate_R_TIVperc_1	1131	1	other	caudate_r_tivperc
Caudate_R_Zscore_1	Caudate_R_Zscore_1	1132	1	other	caudate_r_zscore
Caudate_R_perc_1	Caudate_R_perc_1	1133	1	perc	caudate_r_perc
Caudate_L_vol_1	Caudate_L_vol_1	1134	1	other	caudate_l_vol
Caudate_L_TIVperc_1	Caudate_L_TIVperc_1	1135	1	other	caudate_l_tivperc
Caudate_L_Zscore_1	Caudate_L_Zscore_1	1136	1	other	caudate_l_zscore
Caudate_L_perc_1	Caudate_L_perc_1	1137	1	perc	caudate_l_perc
BrainStem_vol_1	BrainStem_vol_1	1138	1	other	brainstem_vol
BrainStem_TIVperc_1	BrainStem_TIVperc_1	1139	1	other	brainstem_tivperc
BrainStem_Zscore_1	BrainStem_Zscore_1	1140	1	other	brainstem_zscore
BrainStem_perc_1	BrainStem_perc_1	1141	1	perc	brainstem_perc
FrontalLobe_vol_1	FrontalLobe_vol_1	1142	1	other	frontallobe_vol
FrontalLobe_TIVperc_1	FrontalLobe_TIVperc_1	1143	1	other	frontallobe_tivperc
FrontalLobe_Zscore_1	FrontalLobe_Zscore_1	1144	1	other	frontallobe_zscore
FrontalLobe_perc_1	FrontalLobe_perc_1	1145	1	perc	frontallobe_perc
FrontalLobe_R_vol_1	FrontalLobe_R_vol_1	1146	1	other	frontallobe_r_vol
FrontalLobe_R_TIVperc_1	FrontalLobe_R_TIVperc_1	1147	1	other	frontallobe_r_tivperc
FrontalLobe_R_Zscore_1	FrontalLobe_R_Zscore_1	1148	1	other	frontallobe_r_zscore
FrontalLobe_R_perc_1	FrontalLobe_R_perc_1	1149	1	perc	frontallobe_r_perc
FrontalLobe_L_vol_1	FrontalLobe_L_vol_1	1150	1	other	frontallobe_l_vol
FrontalLobe_L_TIVperc_1	FrontalLobe_L_TIVperc_1	1151	1	other	frontallobe_l_tivperc
FrontalLobe_L_Zscore_1	FrontalLobe_L_Zscore_1	1152	1	other	frontallobe_l_zscore
FrontalLobe_L_perc_1	FrontalLobe_L_perc_1	1153	1	perc	frontallobe_l_perc
ParietalLobe_vol_1	ParietalLobe_vol_1	1154	1	other	parietallobe_vol
ParietalLobe_TIVperc_1	ParietalLobe_TIVperc_1	1155	1	other	parietallobe_tivperc
ParietalLobe_Zscore_1	ParietalLobe_Zscore_1	1156	1	other	parietallobe_zscore
ParietalLobe_perc_1	ParietalLobe_perc_1	1157	1	perc	parietallobe_perc
ParietalLobe_R_vol_1	ParietalLobe_R_vol_1	1158	1	other	parietallobe_r_vol
ParietalLobe_R_TIVperc_1	ParietalLobe_R_TIVperc_1	1159	1	other	parietallobe_r_tivperc
ParietalLobe_R_Zscore_1	ParietalLobe_R_Zscore_1	1160	1	other	parietallobe_r_zscore
ParietalLobe_R_perc_1	ParietalLobe_R_perc_1	1161	1	perc	parietallobe_r_perc
ParietalLobe_L_vol_1	ParietalLobe_L_vol_1	1162	1	other	parietallobe_l_vol
ParietalLobe_L_TIVperc_1	ParietalLobe_L_TIVperc_1	1163	1	other	parietallobe_l_tivperc
ParietalLobe_L_Zscore_1	ParietalLobe_L_Zscore_1	1164	1	other	parietallobe_l_zscore
ParietalLobe_L_perc_1	ParietalLobe_L_perc_1	1165	1	perc	parietallobe_l_perc
OccipitalLobe_vol_1	OccipitalLobe_vol_1	1166	1	other	occipitallobe_vol
OccipitalLobe_TIVperc_1	OccipitalLobe_TIVperc_1	1167	1	other	occipitallobe_tivperc
OccipitalLobe_Zscore_1	OccipitalLobe_Zscore_1	1168	1	other	occipitallobe_zscore
OccipitalLobe_perc_1	OccipitalLobe_perc_1	1169	1	perc	occipitallobe_perc
OccipitalLobe_R_vol_1	OccipitalLobe_R_vol_1	1170	1	other	occipitallobe_r_vol
OccipitalLobe_R_TIVperc_1	OccipitalLobe_R_TIVperc_1	1171	1	other	occipitallobe_r_tivperc
OccipitalLobe_R_Zscore_1	OccipitalLobe_R_Zscore_1	1172	1	other	occipitallobe_r_zscore
OccipitalLobe_R_perc_1	OccipitalLobe_R_perc_1	1173	1	perc	occipitallobe_r_perc
OccipitalLobe_L_vol_1	OccipitalLobe_L_vol_1	1174	1	other	occipitallobe_l_vol
OccipitalLobe_L_TIVperc_1	OccipitalLobe_L_TIVperc_1	1175	1	other	occipitallobe_l_tivperc
OccipitalLobe_L_Zscore_1	OccipitalLobe_L_Zscore_1	1176	1	other	occipitallobe_l_zscore
OccipitalLobe_L_perc_1	OccipitalLobe_L_perc_1	1177	1	perc	occipitallobe_l_perc
TemporalLobe_vol_1	TemporalLobe_vol_1	1178	1	other	temporallobe_vol
TemporalLobe_TIVperc_1	TemporalLobe_TIVperc_1	1179	1	other	temporallobe_tivperc
TemporalLobe_Zscore_1	TemporalLobe_Zscore_1	1180	1	other	temporallobe_zscore
TemporalLobe_perc_1	TemporalLobe_perc_1	1181	1	perc	temporallobe_perc
TemporalLobe_R_vol_1	TemporalLobe_R_vol_1	1182	1	other	temporallobe_r_vol
TemporalLobe_R_TIVperc_1	TemporalLobe_R_TIVperc_1	1183	1	other	temporallobe_r_tivperc
TemporalLobe_R_Zscore_1	TemporalLobe_R_Zscore_1	1184	1	other	temporallobe_r_zscore
TemporalLobe_R_perc_1	TemporalLobe_R_perc_1	1185	1	perc	temporallobe_r_perc
TemporalLobe_L_vol_1	TemporalLobe_L_vol_1	1186	1	other	temporallobe_l_vol
TemporalLobe_L_TIVperc_1	TemporalLobe_L_TIVperc_1	1187	1	other	temporallobe_l_tivperc
TemporalLobe_L_Zscore_1	TemporalLobe_L_Zscore_1	1188	1	other	temporallobe_l_zscore
TemporalLobe_L_perc_1	TemporalLobe_L_perc_1	1189	1	perc	temporallobe_l_perc
Cerebellum_vol_1	Cerebellum_vol_1	1190	1	other	cerebellum_vol
Cerebellum_TIVperc_1	Cerebellum_TIVperc_1	1191	1	other	cerebellum_tivperc
Cerebellum_Zscore_1	Cerebellum_Zscore_1	1192	1	other	cerebellum_zscore
Cerebellum_perc_1	Cerebellum_perc_1	1193	1	perc	cerebellum_perc
Cerebellum_R_vol_1	Cerebellum_R_vol_1	1194	1	other	cerebellum_r_vol
Cerebellum_R_TIVperc_1	Cerebellum_R_TIVperc_1	1195	1	other	cerebellum_r_tivperc
Cerebellum_R_Zscore_1	Cerebellum_R_Zscore_1	1196	1	other	cerebellum_r_zscore
Cerebellum_R_perc_1	Cerebellum_R_perc_1	1197	1	perc	cerebellum_r_perc
Cerebellum_L_vol_1	Cerebellum_L_vol_1	1198	1	other	cerebellum_l_vol
Cerebellum_L_TIVperc_1	Cerebellum_L_TIVperc_1	1199	1	other	cerebellum_l_tivperc
Cerebellum_L_Zscore_1	Cerebellum_L_Zscore_1	1200	1	other	cerebellum_l_zscore
Cerebellum_L_perc_1	Cerebellum_L_perc_1	1201	1	perc	cerebellum_l_perc
CSF_Dura_vol_1	CSF_Dura_vol_1	1202	1	other	csf_dura_vol
CSF_Dura_TIVperc_1	CSF_Dura_TIVperc_1	1203	1	other	csf_dura_tivperc
CSF_Dura_Zscore_1	CSF_Dura_Zscore_1	1204	1	other	csf_dura_zscore
CSF_Dura_perc_1	CSF_Dura_perc_1	1205	1	perc	csf_dura_perc
LateralVent_vol_1	LateralVent_vol_1	1206	1	other	lateralvent_vol
LateralVent_TIVperc_1	LateralVent_TIVperc_1	1207	1	other	lateralvent_tivperc
LateralVent_Zscore_1	LateralVent_Zscore_1	1208	1	other	lateralvent_zscore
LateralVent_perc_1	LateralVent_perc_1	1209	1	perc	lateralvent_perc
LateralVent_R_vol_1	LateralVent_R_vol_1	1210	1	other	lateralvent_r_vol
LateralVent_R_TIVperc_1	LateralVent_R_TIVperc_1	1211	1	other	lateralvent_r_tivperc
LateralVent_R_Zscore_1	LateralVent_R_Zscore_1	1212	1	other	lateralvent_r_zscore
LateralVent_R_perc_1	LateralVent_R_perc_1	1213	1	perc	lateralvent_r_perc
LateralVent_L_vol_1	LateralVent_L_vol_1	1214	1	other	lateralvent_l_vol
LateralVent_L_TIVperc_1	LateralVent_L_TIVperc_1	1215	1	other	lateralvent_l_tivperc
LateralVent_L_Zscore_1	LateralVent_L_Zscore_1	1216	1	other	lateralvent_l_zscore
LateralVent_L_perc_1	LateralVent_L_perc_1	1217	1	perc	lateralvent_l_perc
WM_load_1	WM_load_1	1218	1	other	wm_load
fazekas_1	fazekas_1	1219	1	other	fazekas
filter_$	filter_anc	1220	NA	other	filter_anc
DiseaseDuration	DiseaseDuration	1221	NA	other	diseaseduration
employ_BL	employ_BL	1222	bl	other	employ
occup_BL	occup_BL	1223	bl	other	occup
marital_BL	marital_BL	1224	bl	other	marital
lang_first_BL	lang_first_BL	1225	bl	other	lang_first
lang_fluency_BL	lang_fluency_BL	1226	bl	other	lang_fluency
lang_sec_BL	lang_sec_BL	1227	bl	other	lang_sec
cog_onset_BL	cog_onset_BL	1228	bl	other	cog_onset
cog_course_BL	cog_course_BL	1229	bl	other	cog_course
cog_mem_BL	cog_mem_BL	1230	bl	other	cog_mem
cog_attn_BL	cog_attn_BL	1231	bl	other	cog_attn
cog_wfp_BL	cog_wfp_BL	1232	bl	other	cog_wfp
cog_para_BL	cog_para_BL	1233	bl	other	cog_para
cog_proc_BL	cog_proc_BL	1234	bl	other	cog_proc
cog_probsol_BL	cog_probsol_BL	1235	bl	other	cog_probsol
cog_judg_BL	cog_judg_BL	1236	bl	other	cog_judg
cog_behav_BL	cog_behav_BL	1237	bl	other	cog_behav
cog_pers_BL	cog_pers_BL	1238	bl	other	cog_pers
adls_BL	adls_BL	1239	bl	other	adls
iadls_BL	iadls_BL	1240	bl	other	iadls
finance_BL	finance_BL	1241	bl	other	finance
mail_BL	mail_BL	1242	bl	other	mail
cook_BL	cook_BL	1243	bl	other	cook
shop_BL	shop_BL	1244	bl	other	shop
med_BL	med_BL	1245	bl	other	med
drive_BL	drive_BL	1246	bl	other	drive
appliance_BL	appliance_BL	1247	bl	other	appliance
insight_BL	insight_BL	1248	bl	other	insight
falls_BL	falls_BL	1249	bl	other	falls
diabetes_BL	diabetes_BL	1250	bl	other	diabetes
A1C_BL	A1C_BL	1251	bl	other	a1c
hypertension_BL	hypertension_BL	1252	bl	other	hypertension
BPsystolic_BL	BPsystolic_BL	1253	bl	other	bpsystolic
BPdiastolic_BL	BPdiastolic_BL	1254	bl	other	bpdiastolic
cva_BL	cva_BL	1255	bl	other	cva
cholesterol_BL	cholesterol_BL	1256	bl	other	cholesterol
cad_BL	cad_BL	1257	bl	other	cad
TSH_BL	TSH_BL	1258	bl	other	tsh
B12_BL	B12_BL	1259	bl	other	b12
tbi_BL	tbi_BL	1260	bl	other	tbi
tumor_BL	tumor_BL	1261	bl	other	tumor
other_neurol_BL	other_neurol_BL	1262	bl	other	other_neurol
other_neurol_prob_BL	other_neurol_prob_BL	1263	bl	other	other_neurol_prob
neurologytx_BL	neurologytx_BL	1264	bl	other	neurologytx
famhx_dem_BL	famhx_dem_BL	1265	bl	other	famhx_dem
famhx_rel_BL	famhx_rel_BL	1266	bl	other	famhx_rel
famhx_demtype_BL	famhx_demtype_BL	1267	bl	other	famhx_demtype
famhx_demtype_explained_BL	famhx_demtype_explained_BL	1268	bl	other	famhx_demtype_explained
famhx_onset_BL	famhx_onset_BL	1269	bl	other	famhx_onset
famhx_onset_explained_BL	famhx_onset_explained_BL	1270	bl	other	famhx_onset_explained
psydx_BL	psydx_BL	1271	bl	other	psydx
traumahx_BL	traumahx_BL	1272	bl	other	traumahx
premorbidpsych_BL	premorbidpsych_BL	1273	bl	other	premorbidpsych
premorbidpsych_description_BL	premorbidpsych_description_BL	1274	bl	other	premorbidpsych_description
rx_mem_BL	rx_mem_BL	1275	bl	other	rx_mem
rm_memname_BL	rm_memname_BL	1276	bl	other	rm_memname
rx_antidep_BL	rx_antidep_BL	1277	bl	other	rx_antidep
rx_anx_BL	rx_anx_BL	1278	bl	other	rx_anx
rx_antipsy_BL	rx_antipsy_BL	1279	bl	other	rx_antipsy
mood_curr_BL	mood_curr_BL	1280	bl	other	mood_curr
therapy_BL	therapy_BL	1281	bl	other	therapy
priortx_BL	priortx_BL	1282	bl	other	priortx
suicide_BL	suicide_BL	1283	bl	other	suicide
psychosis_BL	psychosis_BL	1284	bl	other	psychosis
psychosistype_BL	psychosistype_BL	1285	bl	other	psychosistype
sleep_BL	sleep_BL	1286	bl	other	sleep
OSAtx_BL	OSAtx_BL	1287	bl	other	osatx
sleep_med_BL	sleep_med_BL	1288	bl	other	sleep_med
appetite_BL	appetite_BL	1289	bl	other	appetite
etoh_abuse_BL	etoh_abuse_BL	1290	bl	other	etoh_abuse
etoh_drinks_BL	etoh_drinks_BL	1291	bl	other	etoh_drinks
tobacco_BL	tobacco_BL	1292	bl	other	tobacco
drug_BL	drug_BL	1293	bl	other	drug
drug_type_BL	drug_type_BL	1294	bl	other	drug_type
drug_name_BL	drug_name_BL	1295	bl	other	drug_name
famhx_psy_BL	famhx_psy_BL	1296	bl	other	famhx_psy
famhx_psyrel_BL	famhx_psyrel_BL	1297	bl	other	famhx_psyrel
exercise_BL	exercise_BL	1298	bl	other	exercise
Outside_Neuropsych_BL	Outside_Neuropsych_BL	1299	bl	other	outside_neuropsych
declinefromoutsideeval_BL	declinefromoutsideeval_BL	1300	bl	other	declinefromoutsideeval
NP_provider_BL	NP_provider_BL	1302	bl	other	np_provider
age_BL	age_BL	1303	bl	other	age
wms_io_raw_BL	wms_io_raw_BL	1304	bl	raw	wms_io_raw
wms_io_per_BL	wms_io_per_BL	1305	bl	other	wms_io_per
wais_ver_BL	wais_ver_BL	1306	bl	other	wais_ver
fsiq_BL	fsiq_BL	1307	bl	other	fsiq
vci_BL	vci_BL	1308	bl	other	vci
sim_raw_BL	sim_raw_BL	1309	bl	raw	sim_raw
sim_ss_BL	sim_ss_BL	1310	bl	ss	sim_ss
voc_raw_BL	voc_raw_BL	1311	bl	raw	voc_raw
voc_ss_BL	voc_ss_BL	1312	bl	ss	voc_ss
in_raw_BL	in_raw_BL	1313	bl	raw	in_raw
in_ss_BL	in_ss_BL	1314	bl	ss	in_ss
pri_BL	pri_BL	1315	bl	other	pri
bd_raw_BL	bd_raw_BL	1316	bl	raw	bd_raw
bd_ss_BL	bd_ss_BL	1317	bl	ss	bd_ss
mr_raw_BL	mr_raw_BL	1318	bl	raw	mr_raw
mr_ss_BL	mr_ss_BL	1319	bl	ss	mr_ss
vp_raw_BL	vp_raw_BL	1320	bl	raw	vp_raw
vp_ss_BL	vp_ss_BL	1321	bl	ss	vp_ss
wmi_BL	wmi_BL	1322	bl	other	wmi
dsp_raw_BL	dsp_raw_BL	1323	bl	raw	dsp_raw
dsp_ss_BL	dsp_ss_BL	1324	bl	ss	dsp_ss
dsp_rel_BL	dsp_rel_BL	1325	bl	other	dsp_rel
ar_raw_BL	ar_raw_BL	1326	bl	raw	ar_raw
ar_ss_BL	ar_ss_BL	1327	bl	ss	ar_ss
psi_BL	psi_BL	1328	bl	other	psi
ss_raw_BL	ss_raw_BL	1329	bl	raw	ss_raw
ss_ss_BL	ss_ss_BL	1330	bl	ss	ss_ss
cd_raw_BL	cd_raw_BL	1331	bl	raw	cd_raw
cd_ss_BL	cd_ss_BL	1332	bl	ss	cd_ss
wms_ver_BL	wms_ver_BL	1333	bl	other	wms_ver
LM_ver_BL	LM_ver_BL	1334	bl	other	lm_ver
LMI_raw_BL	LMI_raw_BL	1335	bl	raw	lmi_raw
LMI_ss_BL	LMI_ss_BL	1336	bl	ss	lmi_ss
LMII_raw_BL	LMII_raw_BL	1337	bl	raw	lmii_raw
LMII_ss_BL	LMII_ss_BL	1338	bl	ss	lmii_ss
LMrec_raw_BL	LMrec_raw_BL	1339	bl	raw	lmrec_raw
LMrec_per_BL	LMrec_per_BL	1340	bl	other	lmrec_per
VPAI_raw_BL	VPAI_raw_BL	1341	bl	raw	vpai_raw
VPAI_ss_BL	VPAI_ss_BL	1342	bl	ss	vpai_ss
VPAII_raw_BL	VPAII_raw_BL	1343	bl	raw	vpaii_raw
VPAII_ss_BL	VPAII_ss_BL	1344	bl	ss	vpaii_ss
VPArec_raw_BL	VPArec_raw_BL	1345	bl	raw	vparec_raw
VPArec_perc_BL	VPArec_perc_BL	1346	bl	perc	vparec_perc
VRI_raw_BL	VRI_raw_BL	1347	bl	raw	vri_raw
VRI_ss_BL	VRI_ss_BL	1348	bl	ss	vri_ss
VRII_raw_BL	VRII_raw_BL	1349	bl	raw	vrii_raw
VRII_ss_BL	VRII_ss_BL	1350	bl	ss	vrii_ss
VRrec_raw_BL	VRrec_raw_BL	1351	bl	raw	vrrec_raw
VRrec_per_BL	VRrec_per_BL	1352	bl	other	vrrec_per
VRcopy_raw_BL	VRcopy_raw_BL	1353	bl	raw	vrcopy_raw
VRcopy_perc_BL	VRcopy_perc_BL	1354	bl	perc	vrcopy_perc
hvlt_form_BL	hvlt_form_BL	1355	bl	other	hvlt_form
hvlt_tot_raw_BL	hvlt_tot_raw_BL	1356	bl	raw	hvlt_tot_raw
hvlt_tot_ss_BL	hvlt_tot_ss_BL	1357	bl	ss	hvlt_tot_ss
hvlt_tot_per_BL	hvlt_tot_per_BL	1358	bl	other	hvlt_tot_per
hvlt_tot_int_BL	hvlt_tot_int_BL	1359	bl	other	hvlt_tot_int
hvlt_delay_raw_BL	hvlt_delay_raw_BL	1360	bl	raw	hvlt_delay_raw
hvlt_delay_ss_BL	hvlt_delay_ss_BL	1361	bl	ss	hvlt_delay_ss
hvlt_perc_raw_BL	hvlt_perc_raw_BL	1362	bl	raw	hvlt_perc_raw
hvlt_perc_ss_BL	hvlt_perc_ss_BL	1363	bl	ss	hvlt_perc_ss
hvlt_disc_raw_BL	hvlt_disc_raw_BL	1364	bl	raw	hvlt_disc_raw
hvlt_disc_ss_BL	hvlt_disc_ss_BL	1365	bl	ss	hvlt_disc_ss
hvlt_disc_tp_BL	hvlt_disc_tp_BL	1366	bl	other	hvlt_disc_tp
hvlt_disc_fp_BL	hvlt_disc_fp_BL	1367	bl	other	hvlt_disc_fp
hvlt_disc_fn_BL	hvlt_disc_fn_BL	1368	bl	other	hvlt_disc_fn
cvlt_form_BL	cvlt_form_BL	1369	bl	other	cvlt_form
cvlt_tot_raw_BL	cvlt_tot_raw_BL	1370	bl	raw	cvlt_tot_raw
cvlt_tot_ss_BL	cvlt_tot_ss_BL	1371	bl	ss	cvlt_tot_ss
cvlt_sdelayfree_raw_BL	cvlt_sdelayfree_raw_BL	1372	bl	raw	cvlt_sdelayfree_raw
cvlt_sdelayfree_ss_BL	cvlt_sdelayfree_ss_BL	1373	bl	ss	cvlt_sdelayfree_ss
cvlt_sdelaycued_raw_BL	cvlt_sdelaycued_raw_BL	1374	bl	raw	cvlt_sdelaycued_raw
cvlt_sdelaycued_ss_BL	cvlt_sdelaycued_ss_BL	1375	bl	ss	cvlt_sdelaycued_ss
cvlt_ldelayfree_raw_BL	cvlt_ldelayfree_raw_BL	1376	bl	raw	cvlt_ldelayfree_raw
cvlt_ldelayfree_ss_BL	cvlt_ldelayfree_ss_BL	1377	bl	ss	cvlt_ldelayfree_ss
cvlt_ldelaycued_raw_BL	cvlt_ldelaycued_raw_BL	1378	bl	raw	cvlt_ldelaycued_raw
cvlt_ldelaycued_ss_BL	cvlt_ldelaycued_ss_BL	1379	bl	ss	cvlt_ldelaycued_ss
cvlt_recogdisc_raw_BL	cvlt_recogdisc_raw_BL	1380	bl	raw	cvlt_recogdisc_raw
cvlt_recogdisc_ss_BL	cvlt_recogdisc_ss_BL	1381	bl	ss	cvlt_recogdisc_ss
cvlt_fcrecog_perc_BL	cvlt_fcrecog_perc_BL	1382	bl	perc	cvlt_fcrecog_perc
BVMT_form_BL	BVMT_form_BL	1383	bl	other	bvmt_form
BVMT_tot_raw_BL	BVMT_tot_raw_BL	1384	bl	raw	bvmt_tot_raw
BVMT_tot_ss_BL	BVMT_tot_ss_BL	1385	bl	ss	bvmt_tot_ss
BVMT_delay_raw_BL	BVMT_delay_raw_BL	1386	bl	raw	bvmt_delay_raw
BVMT_delay_ss_BL	BVMT_delay_ss_BL	1387	bl	ss	bvmt_delay_ss
BVMT_rec_raw_BL	BVMT_rec_raw_BL	1388	bl	raw	bvmt_rec_raw
BVMT_rec_perc_BL	BVMT_rec_perc_BL	1389	bl	perc	bvmt_rec_perc
bnt_ver_BL	bnt_ver_BL	1390	bl	other	bnt_ver
bnt_raw_BL	bnt_raw_BL	1391	bl	raw	bnt_raw
bnt_ss_BL	bnt_ss_BL	1392	bl	ss	bnt_ss
bdae_CIM_raw_BL	bdae_CIM_raw_BL	1393	bl	raw	bdae_cim_raw
bdae_CIM_ss_bl	bdae_CIM_ss_bl	1394	bl	ss	bdae_cim_ss
bdae_RS_raw_BL	bdae_RS_raw_BL	1395	bl	raw	bdae_rs_raw
bdae_RN_raw_BL	bdae_RN_raw_BL	1396	bl	raw	bdae_rn_raw
bdae_RN_class_BL	bdae_RN_class_BL	1397	bl	other	bdae_rn_class
bdae_CT_raw_BL	bdae_CT_raw_BL	1398	bl	raw	bdae_ct_raw
bdae_SP_raw_BL	bdae_SP_raw_BL	1399	bl	raw	bdae_sp_raw
bdae_praxis_NG_raw_BL	bdae_praxis_NG_raw_BL	1400	bl	raw	bdae_praxis_ng_raw
bdae_praxis_CG_raw_BL	bdae_praxis_CG_raw_BL	1401	bl	raw	bdae_praxis_cg_raw
bdae_praxis_UPO_raw_BL	bdae_praxis_UPO_raw_BL	1402	bl	raw	bdae_praxis_upo_raw
bdae_praxis_BFRM_raw_BL	bdae_praxis_BFRM_raw_BL	1403	bl	raw	bdae_praxis_bfrm_raw
bdae_WC_raw_BL	bdae_WC_raw_BL	1404	bl	raw	bdae_wc_raw
wratread_form_BL	wratread_form_BL	1405	bl	other	wratread_form
wratread_raw_BL	wratread_raw_BL	1406	bl	raw	wratread_raw
wratread_ss_BL	wratread_ss_BL	1407	bl	ss	wratread_ss
WJIII_WA_raw_BL	WJIII_WA_raw_BL	1408	bl	raw	wjiii_wa_raw
WJIII_WA_ss_BL	WJIII_WA_ss_BL	1409	bl	ss	wjiii_wa_ss
clock_score_BL	clock_score_BL	1410	bl	other	clock_score
clock_time_BL	clock_time_BL	1411	bl	other	clock_time
clock_class_BL	clock_class_BL	1412	bl	other	clock_class
JLO_form_BL	JLO_form_BL	1413	bl	other	jlo_form
JLO_raw_BL	JLO_raw_BL	1414	bl	raw	jlo_raw
JLO_ss_BL	JLO_ss_BL	1415	bl	ss	jlo_ss
sdmt_writ_raw_BL	sdmt_writ_raw_BL	1416	bl	raw	sdmt_writ_raw
sdmt_writ_ss_BL	sdmt_writ_ss_BL	1417	bl	ss	sdmt_writ_ss
sdmt_oral_raw_BL	sdmt_oral_raw_BL	1418	bl	raw	sdmt_oral_raw
sdmt_oral_ss_BL	sdmt_oral_ss_BL	1419	bl	ss	sdmt_oral_ss
PASAT_form_BL	PASAT_form_BL	1420	bl	other	pasat_form
PASAT_3srate_raw_BL	PASAT_3srate_raw_BL	1421	bl	raw	pasat_3srate_raw
PASAT_3srate_ss_BL	PASAT_3srate_ss_BL	1422	bl	ss	pasat_3srate_ss
PASAT_2srate_raw_BL	PASAT_2srate_raw_BL	1423	bl	raw	pasat_2srate_raw
PASAT_2srate_ss_BL	PASAT_2srate_ss_BL	1424	bl	ss	pasat_2srate_ss
CPT3_detect_ss_BL	CPT3_detect_ss_BL	1425	bl	ss	cpt3_detect_ss
CPT3_detect_class_BL	CPT3_detect_class_BL	1426	bl	other	cpt3_detect_class
CPT3_omis_ss_BL	CPT3_omis_ss_BL	1427	bl	ss	cpt3_omis_ss
CPT3_omis_class_BL	CPT3_omis_class_BL	1428	bl	other	cpt3_omis_class
CPT3_comis_ss_BL	CPT3_comis_ss_BL	1429	bl	ss	cpt3_comis_ss
CPT3_comis_class_BL	CPT3_comis_class_BL	1430	bl	other	cpt3_comis_class
CPT3_per_ss_BL	CPT3_per_ss_BL	1431	bl	ss	cpt3_per_ss
CPT3_per_class_BL	CPT3_per_class_BL	1432	bl	other	cpt3_per_class
CPT3_HRT_ss_BL	CPT3_HRT_ss_BL	1433	bl	ss	cpt3_hrt_ss
CPT3_HRT_class_BL	CPT3_HRT_class_BL	1434	bl	other	cpt3_hrt_class
CPT3_HRTSD_ss_BL	CPT3_HRTSD_ss_BL	1435	bl	ss	cpt3_hrtsd_ss
CPT3_HRTSD_class_BL	CPT3_HRTSD_class_BL	1436	bl	other	cpt3_hrtsd_class
CPT3_var_ss_BL	CPT3_var_ss_BL	1437	bl	ss	cpt3_var_ss
CPT3_var_class_BL	CPT3_var_class_BL	1438	bl	other	cpt3_var_class
CPT3_HRTbc_ss_BL	CPT3_HRTbc_ss_BL	1439	bl	ss	cpt3_hrtbc_ss
CPT3_HRTbc_class_BL	CPT3_HRTbc_class_BL	1440	bl	other	cpt3_hrtbc_class
CPT3_HRTisi_ss_BL	CPT3_HRTisi_ss_BL	1441	bl	ss	cpt3_hrtisi_ss
CPT3_HRTisi_class_BL	CPT3_HRTisi_class_BL	1442	bl	other	cpt3_hrtisi_class
trails_ver_BL	trails_ver_BL	1443	bl	other	trails_ver
trailsa_raw_BL	trailsa_raw_BL	1444	bl	raw	trailsa_raw
trailsa_ss_BL	trailsa_ss_BL	1445	bl	ss	trailsa_ss
trailsa_err_BL	trailsa_err_BL	1446	bl	other	trailsa_err
trailsb_raw_BL	trailsb_raw_BL	1447	bl	raw	trailsb_raw
trailsb_ss_BL	trailsb_ss_BL	1448	bl	ss	trailsb_ss
trailsb_err_BL	trailsb_err_BL	1449	bl	other	trailsb_err
wcst_ver_BL	wcst_ver_BL	1450	bl	other	wcst_ver
wcst_cat_raw_BL	wcst_cat_raw_BL	1451	bl	raw	wcst_cat_raw
wcst_cat_perc_BL	wcst_cat_perc_BL	1452	bl	perc	wcst_cat_perc
wcst_fms_raw_BL	wcst_fms_raw_BL	1453	bl	raw	wcst_fms_raw
wcst_fms_perc_BL	wcst_fms_perc_BL	1454	bl	perc	wcst_fms_perc
wcst_err_raw_BL	wcst_err_raw_BL	1455	bl	raw	wcst_err_raw
wcst_err_ss_BL	wcst_err_ss_BL	1456	bl	ss	wcst_err_ss
wcst_per_raw_BL	wcst_per_raw_BL	1457	bl	raw	wcst_per_raw
wcst_per_ss_BL	wcst_per_ss_BL	1458	bl	ss	wcst_per_ss
letfluency_ver_BL	letfluency_ver_BL	1459	bl	other	letfluency_ver
DKEFSletterflue_raw_BL	DKEFSletterflue_raw_BL	1460	bl	raw	dkefsletterflue_raw
DKEFSletterflue_ss_BL	DKEFSletterflue_ss_BL	1461	bl	ss	dkefsletterflue_ss
DKEFSletterlfue_per_BL	DKEFSletterlfue_per_BL	1462	bl	other	dkefsletterlfue_per
DKEFSleterflue_int_BL	DKEFSleterflue_int_BL	1463	bl	other	dkefsleterflue_int
letfluency_raw_BL	letfluency_raw_BL	1464	bl	raw	letfluency_raw
letfluency_ss_BL	letfluency_ss_BL	1465	bl	ss	letfluency_ss
letfluency_per_BL	letfluency_per_BL	1466	bl	other	letfluency_per
letfluency_int_BL	letfluency_int_BL	1467	bl	other	letfluency_int
DKEFScatflu_raw_BL	DKEFScatflu_raw_BL	1468	bl	raw	dkefscatflu_raw
DKEFScatflu_ss_BL	DKEFScatflu_ss_BL	1469	bl	ss	dkefscatflu_ss
DKEFScatflu_per_BL	DKEFScatflu_per_BL	1470	bl	other	dkefscatflu_per
DKEFScatflu_int_BL	DKEFScatflu_int_BL	1471	bl	other	dkefscatflu_int
catfluency_ver_BL	catfluency_ver_BL	1472	bl	other	catfluency_ver
catfluency_raw_BL	catfluency_raw_BL	1473	bl	raw	catfluency_raw
catfluency_ss_BL	catfluency_ss_BL	1474	bl	ss	catfluency_ss
catfluency_per_BL	catfluency_per_BL	1475	bl	other	catfluency_per
catfluency_int_BL	catfluency_int_BL	1476	bl	other	catfluency_int
DKEFS_switch_vers_BL	DKEFS_switch_vers_BL	1477	bl	other	dkefs_switch_vers
DKEFSswitchfluency_raw_BL	DKEFSswitchfluency_raw_BL	1478	bl	raw	dkefsswitchfluency_raw
DKEFSswitchfluency_ss_BL	DKEFSswitchfluency_ss_BL	1479	bl	ss	dkefsswitchfluency_ss
DKEFSswitchaccuracy_raw_BL	DKEFSswitchaccuracy_raw_BL	1480	bl	raw	dkefsswitchaccuracy_raw
DKEFSswitchaccuracy_ss_BL	DKEFSswitchaccuracy_ss_BL	1481	bl	ss	dkefsswitchaccuracy_ss
DKEFSTrails_vis_scan_raw_BL	DKEFSTrails_vis_scan_raw_BL	1482	bl	raw	dkefstrails_vis_scan_raw
DKEFSTrails_vis_scan_ss_BL	DKEFSTrails_vis_scan_ss_BL	1483	bl	ss	dkefstrails_vis_scan_ss
DKEFSTrails_num_seq_raw_BL	DKEFSTrails_num_seq_raw_BL	1484	bl	raw	dkefstrails_num_seq_raw
DKEFSTrails_num_seq_ss_BL	DKEFSTrails_num_seq_ss_BL	1485	bl	ss	dkefstrails_num_seq_ss
DKEFSTrails_let_seq_raw_BL	DKEFSTrails_let_seq_raw_BL	1486	bl	raw	dkefstrails_let_seq_raw
DKEFSTrails_let_seq_ss_BL	DKEFSTrails_let_seq_ss_BL	1487	bl	ss	dkefstrails_let_seq_ss
DKEFSTrails_switch_raw_BL	DKEFSTrails_switch_raw_BL	1488	bl	raw	dkefstrails_switch_raw
DKEFSTrails_switch_ss_BL	DKEFSTrails_switch_ss_BL	1489	bl	ss	dkefstrails_switch_ss
DKEFSTrails_errors_raw_BL	DKEFSTrails_errors_raw_BL	1490	bl	raw	dkefstrails_errors_raw
DKEFSTrails_errors_ss_BL	DKEFSTrails_errors_ss_BL	1491	bl	ss	dkefstrails_errors_ss
DKEFSTrails_mot_speed_raw_BL	DKEFSTrails_mot_speed_raw_BL	1492	bl	raw	dkefstrails_mot_speed_raw
DKEFSTrails_mot_speed_ss_BL	DKEFSTrails_mot_speed_ss_BL	1493	bl	ss	dkefstrails_mot_speed_ss
DKEFSTower_ach_score_raw_BL	DKEFSTower_ach_score_raw_BL	1494	bl	raw	dkefstower_ach_score_raw
DKEFSTower_ach_score_ss_BL	DKEFSTower_ach_score_ss_BL	1495	bl	ss	dkefstower_ach_score_ss
DKEFSTower_mean1move_raw_BL	DKEFSTower_mean1move_raw_BL	1496	bl	raw	dkefstower_mean1move_raw
DKEFSTower_mean1move_ss_BL	DKEFSTower_mean1move_ss_BL	1497	bl	ss	dkefstower_mean1move_ss
DKEFSTower_timepermove_raw_BL	DKEFSTower_timepermove_raw_BL	1498	bl	raw	dkefstower_timepermove_raw
DKEFSTower_timepermove_ss_BL	DKEFSTower_timepermove_ss_BL	1499	bl	ss	dkefstower_timepermove_ss
DKEFSTower_move_acc_raw_BL	DKEFSTower_move_acc_raw_BL	1500	bl	raw	dkefstower_move_acc_raw
DKEFSTower_move_acc_ss_BL	DKEFSTower_move_acc_ss_BL	1501	bl	ss	dkefstower_move_acc_ss
DKEFSTower_rule_viol_raw_BL	DKEFSTower_rule_viol_raw_BL	1502	bl	raw	dkefstower_rule_viol_raw
DKEFSTower_rule_viol_ss_BL	DKEFSTower_rule_viol_ss_BL	1503	bl	ss	dkefstower_rule_viol_ss
DKEFSTower_tot_rvs_raw_BL	DKEFSTower_tot_rvs_raw_BL	1504	bl	raw	dkefstower_tot_rvs_raw
DKEFSTower_tot_rvs_perc_BL	DKEFSTower_tot_rvs_perc_BL	1505	bl	perc	dkefstower_tot_rvs_perc
book_cat_errors_raw_BL	book_cat_errors_raw_BL	1506	bl	raw	book_cat_errors_raw
book_cat_errors_ss_BL	book_cat_errors_ss_BL	1507	bl	ss	book_cat_errors_ss
TapSet_raw_BL	TapSet_raw_BL	1508	bl	raw	tapset_raw
MotSeq_raw_BL	MotSeq_raw_BL	1509	bl	raw	motseq_raw
ML_PDE_raw_BL	ML_PDE_raw_BL	1510	bl	raw	ml_pde_raw
ML_PFE_raw_BL	ML_PFE_raw_BL	1511	bl	raw	ml_pfe_raw
RS_PDE_raw_BL	RS_PDE_raw_BL	1512	bl	raw	rs_pde_raw
RS_PFE_raw_BL	RS_PFE_raw_BL	1513	bl	raw	rs_pfe_raw
pegs_DH_trial1_raw_BL	pegs_DH_trial1_raw_BL	1514	bl	raw	pegs_dh_trial1_raw
pegs_DH_trial1_ss_BL	pegs_DH_trial1_ss_BL	1515	bl	ss	pegs_dh_trial1_ss
pegs_NDH_trial1_raw_BL	pegs_NDH_trial1_raw_BL	1516	bl	raw	pegs_ndh_trial1_raw
pegs_NDH_trial1_ss_BL	pegs_NDH_trial1_ss_BL	1517	bl	ss	pegs_ndh_trial1_ss
gripstrength_DH_raw_BL	gripstrength_DH_raw_BL	1518	bl	raw	gripstrength_dh_raw
gripstrength_DH_ss_BL	gripstrength_DH_ss_BL	1519	bl	ss	gripstrength_dh_ss
gripstrength_NDH_raw_BL	gripstrength_NDH_raw_BL	1520	bl	raw	gripstrength_ndh_raw
gripstrength_NDH_ss_BL	gripstrength_NDH_ss_BL	1521	bl	ss	gripstrength_ndh_ss
gds_raw_BL	gds_raw_BL	1522	bl	raw	gds_raw
gds_class_BL	gds_class_BL	1523	bl	other	gds_class
bdi_raw_BL	bdi_raw_BL	1524	bl	raw	bdi_raw
bdi_class_BL	bdi_class_BL	1525	bl	other	bdi_class
depression_label_BL	depression_label_BL	1526	bl	other	depression_label
adfacs_iadlperc_BL	adfacs_iadlperc_BL	1527	bl	other	adfacs_iadlperc
adfacs_adlperc_BL	adfacs_adlperc_BL	1528	bl	other	adfacs_adlperc
adfacs_tot_BL	adfacs_tot_BL	1529	bl	other	adfacs_tot
maq_physio_panic_BL	maq_physio_panic_BL	1530	bl	other	maq_physio_panic
maq_soc_pho_BL	maq_soc_pho_BL	1531	bl	other	maq_soc_pho
maq_worry_fear_BL	maq_worry_fear_BL	1532	bl	other	maq_worry_fear
maq_neg_aff_BL	maq_neg_aff_BL	1533	bl	other	maq_neg_aff
maq_tot_BL	maq_tot_BL	1534	bl	other	maq_tot
bai_raw_BL	bai_raw_BL	1535	bl	raw	bai_raw
bai_class_BL	bai_class_BL	1536	bl	other	bai_class
VascularRisks_Burden	VascularRisks_Burden	1537	NA	other	vascularrisks_burden
CogResFactor1	CogResFactor1	1538	NA	other	cogresfactor1
CogResFactor3	CogResFactor3	1539	NA	other	cogresfactor3
CogResFactor5	CogResFactor5	1540	NA	other	cogresfactor5
Grouped_CogResFactor1	Grouped_CogResFactor1	1541	NA	other	grouped_cogresfactor1
Grouped_CogResFactor2	Grouped_CogResFactor2	1542	NA	other	grouped_cogresfactor2
Grouped_CogResFactor3	Grouped_CogResFactor3	1543	NA	other	grouped_cogresfactor3
Grouped_CogResFactor4	Grouped_CogResFactor4	1544	NA	other	grouped_cogresfactor4
Grouped_CogResFactor5	Grouped_CogResFactor5	1545	NA	other	grouped_cogresfactor5
Grouped_CogResFactor6	Grouped_CogResFactor6	1546	NA	other	grouped_cogresfactor6
CogResFactor2	CogResFactor2	1547	NA	other	cogresfactor2
CogResFactor4	CogResFactor4	1548	NA	other	cogresfactor4
CogResFactor6	CogResFactor6	1549	NA	other	cogresfactor6
Differ_HC_WBV	Differ_HC_WBV	1550	NA	other	differ_hc_wbv
Differ_HC_FL	Differ_HC_FL	1551	NA	other	differ_hc_fl
Differ_HC_FL_R	Differ_HC_FL_R	1552	NA	other	differ_hc_fl_r
Differ_HC_FL_L	Differ_HC_FL_L	1553	NA	other	differ_hc_fl_l
Differ_HC_PL	Differ_HC_PL	1554	NA	other	differ_hc_pl
Differ_HC_PL_R	Differ_HC_PL_R	1555	NA	other	differ_hc_pl_r
Differ_HC_PL_L	Differ_HC_PL_L	1556	NA	other	differ_hc_pl_l
Differ_HC_TL	Differ_HC_TL	1557	NA	other	differ_hc_tl
Differ_HC_TL_R	Differ_HC_TL_R	1558	NA	other	differ_hc_tl_r
Differ_HC_TL_L	Differ_HC_TL_L	1559	NA	other	differ_hc_tl_l
Differ_HC_OL	Differ_HC_OL	1560	NA	other	differ_hc_ol
Differ_HC_OL_R	Differ_HC_OL_R	1561	NA	other	differ_hc_ol_r
Differ_HC_OL_L	Differ_HC_OL_L	1562	NA	other	differ_hc_ol_l
